insert into application (student_id, skill_level, instrument) values (1, 3, 'piano');
insert into application (student_id, skill_level, instrument) values (2, 1, 'guitar');
insert into application (student_id, skill_level, instrument) values (3, 3, 'bass');
insert into application (student_id, skill_level, instrument) values (4, 2, 'violin');
insert into application (student_id, skill_level, instrument) values (5, 2, 'cello');
insert into application (student_id, skill_level, instrument) values (6, 3, 'flute');
insert into application (student_id, skill_level, instrument) values (7, 3, 'trumpet');
insert into application (student_id, skill_level, instrument) values (8, 1, 'saxophone');
insert into application (student_id, skill_level, instrument) values (9, 3, 'clarinet');
insert into application (student_id, skill_level, instrument) values (10, 1, 'drums');
insert into application (student_id, skill_level, instrument) values (11, 1, 'harp');
insert into application (student_id, skill_level, instrument) values (12, 1, 'guitar');
insert into application (student_id, skill_level, instrument) values (13, 3, 'piano');
insert into application (student_id, skill_level, instrument) values (14, 2, 'bass');
insert into application (student_id, skill_level, instrument) values (15, 3, 'violin');
insert into application (student_id, skill_level, instrument) values (16, 1, 'bass');
insert into application (student_id, skill_level, instrument) values (18, 3, 'guitar');
insert into application (student_id, skill_level, instrument) values (19, 2, 'saxophone');
insert into application (student_id, skill_level, instrument) values (20, 3, 'bass');

insert into instructor (first_name, last_name, street, zipcode, city, email, can_teach_ensemble, phone_private, phone_other) values ('Cliff', 'Donohoe', '58 Weeping Birch Crossing', '385 30', 'Torsås', 'cdonohoe0@hc360.com', true, '2593713507', null);
insert into instructor (first_name, last_name, street, zipcode, city, email, can_teach_ensemble, phone_private, phone_other) values ('Holly-anne', 'Fawks', '7 Bay Junction', '12121', 'Guling', 'hfawks1@fastcompany.com', true, '1748128991', '6601251149');
insert into instructor (first_name, last_name, street, zipcode, city, email, can_teach_ensemble, phone_private, phone_other) values ('Ebenezer', 'Hoy', '8109 Doe Crossing Circle', '22211', 'Shuangxikou', 'ehoy2@topsy.com', false, '1353850208', '8437807634');
insert into instructor (first_name, last_name, street, zipcode, city, email, can_teach_ensemble, phone_private, phone_other) values ('Tanitansy', 'Jacquemot', '78461 Cardinal Way', '43700', 'Simões Filho', 'tjacquemot3@friendfeed.com', true, null, '3813933873');
insert into instructor (first_name, last_name, street, zipcode, city, email, can_teach_ensemble, phone_private, phone_other) values ('Abagail', 'Axtonne', '11519 Onsgard Road', '29537', 'Vale de Touros', 'aaxtonne4@elegantthemes.com', true, '2761266613', '6245658514');
insert into instructor (first_name, last_name, street, zipcode, city, email, can_teach_ensemble, phone_private, phone_other) values ('Tonnie', 'Morgans', '9 Dixon Way', '33322', 'Dawang', 'tmorgans5@mapquest.com', true, null, '4009587018');
insert into instructor (first_name, last_name, street, zipcode, city, email, can_teach_ensemble, phone_private, phone_other) values ('Gerti', 'Matiebe', '3522 Bonner Place', '19641', 'Heemskerk', 'gmatiebe6@friendfeed.com', false, '5735162036', '6799124289');
insert into instructor (first_name, last_name, street, zipcode, city, email, can_teach_ensemble, phone_private, phone_other) values ('Alvy', 'Duchesne', '2411 Hoepker Street', '44433', 'Jatibonico', 'aduchesne7@wikimedia.org', false, '6345156525', '8763737736');
insert into instructor (first_name, last_name, street, zipcode, city, email, can_teach_ensemble, phone_private, phone_other) values ('Jacinta', 'Meineck', '07 Hayes Hill', '46113', 'Wilków', 'jmeineck8@baidu.com', false, '1005045094', null);
insert into instructor (first_name, last_name, street, zipcode, city, email, can_teach_ensemble, phone_private, phone_other) values ('Katleen', 'Larkins', '8 Lawn Court', '56532', 'Tangban', 'klarkins9@sfgate.com', true, '5203322532', null);
insert into instructor (first_name, last_name, street, zipcode, city, email, can_teach_ensemble, phone_private, phone_other) values ('Marc', 'Lurriman', '827 Burning Wood Alley', '16166', 'Chenqiao', 'mlurrimana@alibaba.com', true, '3359854423', '5376176237');
insert into instructor (first_name, last_name, street, zipcode, city, email, can_teach_ensemble, phone_private, phone_other) values ('Darnall', 'Sarfati', '23 Morrow Terrace', '56111', 'Sirājganj', 'dsarfatib@imdb.com', false, null, '8615179195');
insert into instructor (first_name, last_name, street, zipcode, city, email, can_teach_ensemble, phone_private, phone_other) values ('Loree', 'Upfold', '73 Sullivan Pass', '53142', 'Yimamu', 'lupfoldc@merriam-webster.com', true, '5642453102', '6673292976');
insert into instructor (first_name, last_name, street, zipcode, city, email, can_teach_ensemble, phone_private, phone_other) values ('Grayce', 'Peris', '88 Blackbird Lane', '12345', 'Atarodangwautu', 'gperisd@hao123.com', true, '2231460027', '4198748049');
insert into instructor (first_name, last_name, street, zipcode, city, email, can_teach_ensemble, phone_private, phone_other) values ('Julieta', 'Arnason', '2548 Golden Leaf Alley', '61663', 'La Loma', 'jarnasone@utexas.edu', true, '7492726204', null);

insert into student (first_name, last_name, street, zipcode, city, email, contact_email, contactperson_firstname, contactperson_lastname, contact_phone, contact_phone2, sibling1, sibling2) values ('Jorrie', 'MacMechan', '1639 Ridge Oak Point', '11122', 'Sukosari', 'rmuneely0@phpbb.com', 'rmuneely0@themeforest.net', 'Reggie', 'Muneely', '2636869126', '9721077981', 2, null);
insert into student (first_name, last_name, street, zipcode, city, email, contact_email, contactperson_firstname, contactperson_lastname, contact_phone, contact_phone2, sibling1, sibling2) values ('Noni', 'Purcell', '7492 Lerdahl Lane', '34080', 'Montpellier', 'smartill1@jigsy.com', 'smartill1@comsenz.com', 'Saidee', 'Martill', '5329262058', null, 1, null);
insert into student (first_name, last_name, street, zipcode, city, email, contact_email, contactperson_firstname, contactperson_lastname, contact_phone, contact_phone2, sibling1, sibling2) values ('Deena', 'Celier', '784 Lotheville Trail', '22211', 'Oli', 'tflack2@jiathis.com', 'tflack2@nydailynews.com', 'Tera', 'Flack', '8855798599', '2585244908', 15, null);
insert into student (first_name, last_name, street, zipcode, city, email, contact_email, contactperson_firstname, contactperson_lastname, contact_phone, contact_phone2, sibling1, sibling2) values ('Dominique', 'Grouvel', '126 Pankratz Place', '38045', 'Azurva', 'blyfield3@1688.com', 'blyfield3@bigcartel.com', 'Boot', 'Lyfield', '9068518442', null, 5, 14);
insert into student (first_name, last_name, street, zipcode, city, email, contact_email, contactperson_firstname, contactperson_lastname, contact_phone, contact_phone2, sibling1, sibling2) values ('Shelli', 'Jeays', '98 Service Parkway', '39131', 'Yelat’ma', 'rdawnay4@taobao.com', 'rdawnay4@wikipedia.org', 'Rica', 'Dawnay', '9622932952', null, 4, 14);
insert into student (first_name, last_name, street, zipcode, city, email, contact_email, contactperson_firstname, contactperson_lastname, contact_phone, contact_phone2, sibling1, sibling2) values ('Aldo', 'Pourveer', '60299 Marcy Junction', '12132', 'Xundian', 'thulk5@netlog.com', 'thulk5@cloudflare.com', 'Tate', 'Hulk', '7543726620', '8851869171', 12, null);
insert into student (first_name, last_name, street, zipcode, city, email, contact_email, contactperson_firstname, contactperson_lastname, contact_phone, contact_phone2, sibling1, sibling2) values ('Chanda', 'Hogsden', '6 Glacier Hill Road', '56532', 'Guanshan', 'dkeymer6@cocolog-nifty.com', 'dkeymer6@hibu.com', 'Daisi', 'Keymer', '9676684091', null, null, null);
insert into student (first_name, last_name, street, zipcode, city, email, contact_email, contactperson_firstname, contactperson_lastname, contact_phone, contact_phone2, sibling1, sibling2) values ('Swen', 'O''Mara', '78 Jenifer Road', '39400', 'Itacarambi', 'ajovis7@sun.com', 'ajovis7@bloglines.com', 'Aube', 'Jovis', '9117802581', '8226429090', null, null);
insert into student (first_name, last_name, street, zipcode, city, email, contact_email, contactperson_firstname, contactperson_lastname, contact_phone, contact_phone2, sibling1, sibling2) values ('Merry', 'Dumphreys', '4182 Dakota Park', '99888', 'Shiye', 'ljohanning8@csmonitor.com', 'ljohanning8@irs.gov', 'Lev', 'Johanning', '9214651239', null, null, null);
insert into student (first_name, last_name, street, zipcode, city, email, contact_email, contactperson_firstname, contactperson_lastname, contact_phone, contact_phone2, sibling1, sibling2) values ('Winna', 'Bardill', '85 Lillian Terrace', '12121', 'Al Hijrah', 'mvollam9@howstuffworks.com', 'mvollam9@dailymotion.com', 'Mersey', 'Vollam', '8073415441', '3585908267', 13, null);
insert into student (first_name, last_name, street, zipcode, city, email, contact_email, contactperson_firstname, contactperson_lastname, contact_phone, contact_phone2, sibling1, sibling2) values ('Kacy', 'Fagence', '8617 Toban Drive', '66699', 'Viļāni', 'rcurzeya@businesswire.com', 'rcurzeya@constantcontact.com', 'Rivi', 'Curzey', '9496352921', null, null, null);
insert into student (first_name, last_name, street, zipcode, city, email, contact_email, contactperson_firstname, contactperson_lastname, contact_phone, contact_phone2, sibling1, sibling2) values ('Maynord', 'Bengal', '0018 Nancy Avenue', '98969', 'Nanlang', 'blachaizeb@engadget.com', 'blachaizeb@google.co.uk', 'Bernetta', 'Lachaize', '2811872546', '1552207900', 6, null);
insert into student (first_name, last_name, street, zipcode, city, email, contact_email, contactperson_firstname, contactperson_lastname, contact_phone, contact_phone2, sibling1, sibling2) values ('Robby', 'Neissen', '790 Dorton Pass', '11655', 'Wuci', 'amckeanc@tinyurl.com', 'amckeanc@wired.com', 'Alexandro', 'McKean', null, '3161760749', 10, null);
insert into student (first_name, last_name, street, zipcode, city, email, contact_email, contactperson_firstname, contactperson_lastname, contact_phone, contact_phone2, sibling1, sibling2) values ('Adair', 'Kubista', '95 Express Avenue', '18600', 'Botucatu', 'gbollettid@flavors.me', 'gbollettid@cdbaby.com', 'Galven', 'Bolletti', null, '2117471925', 4, 5);
insert into student (first_name, last_name, street, zipcode, city, email, contact_email, contactperson_firstname, contactperson_lastname, contact_phone, contact_phone2, sibling1, sibling2) values ('Forster', 'Boucher', '4781 Kenwood Plaza', '29468', 'Surkhet', 'pcoleforde@liveinternet.ru', 'pcoleforde@cbc.ca', 'Pavia', 'Coleford', '5424130030', '8128533328', 3, null);
insert into student (first_name, last_name, street, zipcode, city, email, contact_email, contactperson_firstname, contactperson_lastname, contact_phone, contact_phone2, sibling1, sibling2) values ('Veronica', 'Nadler', 'Skärmarbrinksvägen 31', '12135', 'Stockholm', null, 'nadler@kth.se', 'Marianna', 'Nadler', null, '0707916384', null, null);
insert into student (first_name, last_name, street, zipcode, city, email, contact_email, contactperson_firstname, contactperson_lastname, contact_phone, contact_phone2, sibling1, sibling2) values ('John', 'Doe', 'Kungsgatan 1', '12345', 'Stockholm', 'johndoe@mail.se', 'janedoe@mail.se', 'Jane', 'Doe', '0731672398', null, null, null);
insert into student (first_name, last_name, street, zipcode, city, email, contact_email, contactperson_firstname, contactperson_lastname, contact_phone, contact_phone2, sibling1, sibling2) values ('Jesper', 'Kvist', 'Hagagatan 4', '56532', 'Mullsjö', null, 'jesper@kth.se', 'Anna', 'Kvist', null, '0707926584', null, null);
insert into student (first_name, last_name, street, zipcode, city, email, contact_email, contactperson_firstname, contactperson_lastname, contact_phone, contact_phone2, sibling1, sibling2) values ('Kattis', 'Wallenborg', 'Grindsgatan 45', '32154', 'Stockholm', 'wallen@mail.se', 'wallenborg@mail.se', 'Elise', 'Wallenborg', '0731234567', null, null, null);

insert into instrument (type, skill_level, student_id) values ('Guitar', 1, 1);
insert into instrument (type, skill_level, student_id) values ('Bass', 2, 2);
insert into instrument (type, skill_level, student_id) values ('Piano', 1, 3);
insert into instrument (type, skill_level, student_id) values ('Cello', 1, 4);
insert into instrument (type, skill_level, student_id) values ('Drums', 2, 5);
insert into instrument (type, skill_level, student_id) values ('Cello', 2, 6);
insert into instrument (type, skill_level, student_id) values ('Guitar', 3, 7);
insert into instrument (type, skill_level, student_id) values ('Flute', 2, 8);
insert into instrument (type, skill_level, student_id) values ('Harp', 2, 9);
insert into instrument (type, skill_level, student_id) values ('Trumpet', 3, 10);
insert into instrument (type, skill_level, student_id) values ('Piano', 3, 11);
insert into instrument (type, skill_level, student_id) values ('Piano', 2, 12);
insert into instrument (type, skill_level, student_id) values ('Guitar', 3, 13);
insert into instrument (type, skill_level, student_id) values ('Saxophone', 1, 14);
insert into instrument (type, skill_level, student_id) values ('Violin', 2, 15);
insert into instrument (type, skill_level, student_id) values ('Bass', 2, 16);
insert into instrument (type, skill_level, student_id) values ('Guitar', 3, 18);
insert into instrument (type, skill_level, student_id) values ('Saxophone', 1, 19);
insert into instrument (type, skill_level, student_id) values ('Bass', 2, 20);

insert into instrument_rental (student_id, instrument_id, start_time) values (2, 3, '2022-07-12 06:33:00');
insert into instrument_rental (student_id, instrument_id, start_time) values (15, 4, '2022-07-02 18:39:58');
insert into instrument_rental (student_id, instrument_id, start_time) values (8, 6, '2022-07-20 09:25:47');
insert into instrument_rental (student_id, instrument_id, start_time) values (14, 8, '2022-03-13 02:41:36');
insert into instrument_rental (student_id, instrument_id, start_time) values (5, 11, '2022-01-15 18:19:01');
insert into instrument_rental (student_id, instrument_id, start_time) values (9, 12, '2022-10-30 15:41:19');
insert into instrument_rental (student_id, instrument_id, start_time) values (7, 13, '2022-10-07 11:53:16');

insert into instrument_stock (type, in_stock, price) values ('Guitar', true, 67);
insert into instrument_stock (type, in_stock, price) values ('Piano', true, 164);
insert into instrument_stock (type, in_stock, price) values ('Bass', false, 55);
insert into instrument_stock (type, in_stock, price) values ('Violin', false, 172);
insert into instrument_stock (type, in_stock, price) values ('Cello', true, 139);
insert into instrument_stock (type, in_stock, price) values ('Flute', false, 144);
insert into instrument_stock (type, in_stock, price) values ('Trumpet', true, 182);
insert into instrument_stock (type, in_stock, price) values ('Saxophone', false, 75);
insert into instrument_stock (type, in_stock, price) values ('Clarinet', true, 67);
insert into instrument_stock (type, in_stock, price) values ('Drums', true, 141);
insert into instrument_stock (type, in_stock, price) values ('Drums', false, 154);
insert into instrument_stock (type, in_stock, price) values ('Harp', false, 59);
insert into instrument_stock (type, in_stock, price) values ('Guitar', false, 169);
insert into instrument_stock (type, in_stock, price) values ('Bass', true, 181);
insert into instrument_stock (type, in_stock, price) values ('Violin', true, 176);

insert into individual_lesson (instrument, skill_level, start_time, end_time, student_id) values ('Guitar', 2, 	'2022-06-17 02:09:51', '2022-06-17 04:09:51', 1);
insert into individual_lesson (instrument, skill_level, start_time, end_time, student_id) values ('Guitar', 3, 	'2022-03-09 01:45:06', '2022-03-09 03:45:06', 2);
insert into individual_lesson (instrument, skill_level, start_time, end_time, student_id) values ('Piano', 1, 	'2022-07-01 11:31:21', '2022-07-01 13:31:21', 3);
insert into individual_lesson (instrument, skill_level, start_time, end_time, student_id) values ('Piano', 1, 	'2022-09-09 07:35:35', '2022-09-09 09:35:35', 4);
insert into individual_lesson (instrument, skill_level, start_time, end_time, student_id) values ('Bass', 1, 	'2021-12-13 06:52:43', '2021-12-13 08:52:43', 5);
insert into individual_lesson (instrument, skill_level, start_time, end_time, student_id) values ('Bass', 3, 	'2022-11-24 16:45:43', '2022-11-24 18:45:43', 6);
insert into individual_lesson (instrument, skill_level, start_time, end_time, student_id) values ('Violin', 1, 	'2022-06-13 02:38:19', '2022-06-13 04:38:19', 7);
insert into individual_lesson (instrument, skill_level, start_time, end_time, student_id) values ('Cello', 3, 	'2022-04-22 20:20:07', '2022-04-22 22:20:07', 8);
insert into individual_lesson (instrument, skill_level, start_time, end_time, student_id) values ('Flute', 2, 	'2022-09-10 21:08:07', '2022-09-10 23:08:07', 9);
insert into individual_lesson (instrument, skill_level, start_time, end_time, student_id) values ('Trumpet', 1, '2022-07-06 10:59:13', '2022-07-06 12:59:13', 10);
insert into individual_lesson (instrument, skill_level, start_time, end_time, student_id) values ('Saxophone', 2, '2022-01-02 10:11:52', '2022-01-02 12:11:52', 11);
insert into individual_lesson (instrument, skill_level, start_time, end_time, student_id) values ('Clarinet', 2, '2022-10-27 13:23:37', '2022-10-27 15:23:37', 12);
insert into individual_lesson (instrument, skill_level, start_time, end_time, student_id) values ('Drums', 1, 	'2022-01-21 12:36:13', '2022-01-21 14:36:13', 13);
insert into individual_lesson (instrument, skill_level, start_time, end_time, student_id) values ('Harp', 3, 	'2022-07-12 09:48:15', '2022-07-12 11:48:15', 14);
insert into individual_lesson (instrument, skill_level, start_time, end_time, student_id) values ('Flute', 3, 	'2022-02-03 08:53:30', '2022-02-03 10:53:30', 15);
insert into individual_lesson (instrument, skill_level, start_time, end_time, student_id) values ('Drums', 3, 	'2022-12-01 17:30:00', '2022-12-01 19:30:00', 13);

insert into group_lesson (instrument, skill_level, min_students, max_students, registered_students, employment_id) values ('guitar', 2, 7, 20, 8, 1);
insert into group_lesson (instrument, skill_level, min_students, max_students, registered_students, employment_id) values ('piano', 3, 8, 20, 15, 2);
insert into group_lesson (instrument, skill_level, min_students, max_students, registered_students, employment_id) values ('bass', 3, 6, 20, 19, 3);
insert into group_lesson (instrument, skill_level, min_students, max_students, registered_students, employment_id) values ('violin', 2, 8, 20, 16, 4);
insert into group_lesson (instrument, skill_level, min_students, max_students, registered_students, employment_id) values ('cello', 1, 10, 20, 7, 5);
insert into group_lesson (instrument, skill_level, min_students, max_students, registered_students, employment_id) values ('flute', 1, 10, 20, 6, 6);
insert into group_lesson (instrument, skill_level, min_students, max_students, registered_students, employment_id) values ('trupet', 2, 9, 20, 14, 7);
insert into group_lesson (instrument, skill_level, min_students, max_students, registered_students, employment_id) values ('saxophone', 2, 6, 20, 6, 8);
insert into group_lesson (instrument, skill_level, min_students, max_students, registered_students, employment_id) values ('clarinet', 1, 9, 20, 13, 9);
insert into group_lesson (instrument, skill_level, min_students, max_students, registered_students, employment_id) values ('drums', 1, 5, 20, 7, 10);
insert into group_lesson (instrument, skill_level, min_students, max_students, registered_students, employment_id) values ('harp', 3, 6, 20, 13, 11);
insert into group_lesson (instrument, skill_level, min_students, max_students, registered_students, employment_id) values ('guitar', 1, 10, 20, 16, 1);
insert into group_lesson (instrument, skill_level, min_students, max_students, registered_students, employment_id) values ('piano', 1, 9, 20, 17, 2);
insert into group_lesson (instrument, skill_level, min_students, max_students, registered_students, employment_id) values ('bass', 2, 8, 20, 15, 3);
insert into group_lesson (instrument, skill_level, min_students, max_students, registered_students, employment_id) values ('violin', 3, 10, 20, 8, 4);

insert into ensemble (genre, min_students, max_students, registered_students, employment_id) values ('jazz', 8, 20, 8, 1);
insert into ensemble (genre, min_students, max_students, registered_students, employment_id) values ('classical', 5, 20, 6, 3);
insert into ensemble (genre, min_students, max_students, registered_students, employment_id) values ('pop', 5, 20, 5, 4);
insert into ensemble (genre, min_students, max_students, registered_students, employment_id) values ('rock', 6, 20, 7, 5);
insert into ensemble (genre, min_students, max_students, registered_students, employment_id) values ('jazz', 9, 20, 0, 9);
insert into ensemble (genre, min_students, max_students, registered_students, employment_id) values ('folk', 5, 20, 5, 10);
insert into ensemble (genre, min_students, max_students, registered_students, employment_id) values ('country', 10, 20, 0, 12);
insert into ensemble (genre, min_students, max_students, registered_students, employment_id) values ('rock', 5, 7, 7, 5);

insert into instructor_lesson (employment_id, lesson_id, lesson_type, time_slot) values (1, 12, 'individual', '2022-10-27 13:23:37');
insert into instructor_lesson (employment_id, lesson_id, lesson_type, time_slot) values (2, 2, 'individual', '2022-03-09 01:45:06');
insert into instructor_lesson (employment_id, lesson_id, lesson_type, time_slot) values (2, 13, 'individual', '2022-01-21 12:36:13');
insert into instructor_lesson (employment_id, lesson_id, lesson_type, time_slot) values (3, 1, 'individual', '2022-06-17 02:09:51');
insert into instructor_lesson (employment_id, lesson_id, lesson_type, time_slot) values (3, 3, 'individual', '2022-07-01 11:31:21');
insert into instructor_lesson (employment_id, lesson_id, lesson_type, time_slot) values (3, 14, 'individual', '2022-07-12 09:48:15');
insert into instructor_lesson (employment_id, lesson_id, lesson_type, time_slot) values (4, 4, 'individual', '2022-09-09 07:35:35');
insert into instructor_lesson (employment_id, lesson_id, lesson_type, time_slot) values (4, 15, 'individual', '2022-02-03 08:53:30');
insert into instructor_lesson (employment_id, lesson_id, lesson_type, time_slot) values (5, 5, 'individual', '2021-12-13 06:52:43');
insert into instructor_lesson (employment_id, lesson_id, lesson_type, time_slot) values (6, 6, 'individual', '2022-11-24 16:45:43');
insert into instructor_lesson (employment_id, lesson_id, lesson_type, time_slot) values (7, 7, 'individual', '2022-06-13 02:38:19');
insert into instructor_lesson (employment_id, lesson_id, lesson_type, time_slot) values (8, 8, 'individual', '2022-04-22 20:20:07');
insert into instructor_lesson (employment_id, lesson_id, lesson_type, time_slot) values (9, 9, 'individual', '2022-09-10 21:08:07');
insert into instructor_lesson (employment_id, lesson_id, lesson_type, time_slot) values (10, 10, 'individual', '2022-07-06 10:59:13');
insert into instructor_lesson (employment_id, lesson_id, lesson_type, time_slot) values (11, 11, 'individual', '2022-01-02 10:11:52');
insert into instructor_lesson (employment_id, lesson_id, lesson_type, time_slot) values (1, 1, 'ensemble', '2022-03-10 14:19:05');
insert into instructor_lesson (employment_id, lesson_id, lesson_type, time_slot) values (3, 2, 'ensemble', '2022-04-28 13:35:35');
insert into instructor_lesson (employment_id, lesson_id, lesson_type, time_slot) values (4, 3, 'ensemble', '2022-02-10 01:39:22');
insert into instructor_lesson (employment_id, lesson_id, lesson_type, time_slot) values (5, 4, 'ensemble', '2022-04-22 14:31:40');
insert into instructor_lesson (employment_id, lesson_id, lesson_type, time_slot) values (10, 6, 'ensemble', '2022-07-14 08:33:57');
insert into instructor_lesson (employment_id, lesson_id, lesson_type, time_slot) values (2, 1, 'group', '2022-09-21 18:14:08');
insert into instructor_lesson (employment_id, lesson_id, lesson_type, time_slot) values (1, 2, 'group', '2022-08-01 07:53:01');
insert into instructor_lesson (employment_id, lesson_id, lesson_type, time_slot) values (5, 3, 'group', '2022-01-06 14:40:50');
insert into instructor_lesson (employment_id, lesson_id, lesson_type, time_slot) values (3, 4, 'group', '2022-03-08 15:29:20');
insert into instructor_lesson (employment_id, lesson_id, lesson_type, time_slot) values (6, 5, 'group', '2022-11-03 00:05:55');
insert into instructor_lesson (employment_id, lesson_id, lesson_type, time_slot) values (5, 6, 'group', '2022-08-24 19:35:02');
insert into instructor_lesson (employment_id, lesson_id, lesson_type, time_slot) values (4, 7, 'group', '2022-08-05 19:33:35');
insert into instructor_lesson (employment_id, lesson_id, lesson_type, time_slot) values (6, 8, 'group', '2022-09-01 17:45:29');
insert into instructor_lesson (employment_id, lesson_id, lesson_type, time_slot) values (7, 9, 'group', '2021-12-15 17:26:15');
insert into instructor_lesson (employment_id, lesson_id, lesson_type, time_slot) values (8, 10, 'group', '2022-04-20 17:13:27');
insert into instructor_lesson (employment_id, lesson_id, lesson_type, time_slot) values (9, 11, 'group', '2022-04-01 00:23:06');
insert into instructor_lesson (employment_id, lesson_id, lesson_type, time_slot) values (10, 12, 'group', '2022-10-30 01:01:34');
insert into instructor_lesson (employment_id, lesson_id, lesson_type, time_slot) values (11, 13, 'group', '2022-06-22 18:14:38');
insert into instructor_lesson (employment_id, lesson_id, lesson_type, time_slot) values (12, 14, 'group', '2022-09-09 09:02:01');
insert into instructor_lesson (employment_id, lesson_id, lesson_type, time_slot) values (7, 16, 'individual', '2022-12-01 17:30:00');

insert into group_schedule (classroom_id, grouplesson_id, start_time, end_time) values (1, 1, 	'2022-09-21 18:14:08', '2022-09-21 20:14:08');
insert into group_schedule (classroom_id, grouplesson_id, start_time, end_time) values (3, 2, 	'2022-08-01 07:53:01', '2022-08-01 09:53:01');
insert into group_schedule (classroom_id, grouplesson_id, start_time, end_time) values (5, 3, 	'2022-01-06 14:40:50', '2022-01-06 16:40:50');
insert into group_schedule (classroom_id, grouplesson_id, start_time, end_time) values (7, 4, 	'2022-03-08 15:29:20', '2022-03-08 17:29:20');
insert into group_schedule (classroom_id, grouplesson_id, start_time, end_time) values (9, 5, 	'2022-11-03 00:05:55', '2022-11-03 02:05:55');
insert into group_schedule (classroom_id, grouplesson_id, start_time, end_time) values (11, 6, 	'2022-08-24 19:35:02', '2022-08-24 21:35:02');
insert into group_schedule (classroom_id, grouplesson_id, start_time, end_time) values (13, 7, 	'2022-08-05 19:33:35', '2022-08-05 21:33:35');
insert into group_schedule (classroom_id, grouplesson_id, start_time, end_time) values (15, 8, 	'2022-09-01 17:45:29', '2022-09-01 19:45:29');
insert into group_schedule (classroom_id, grouplesson_id, start_time, end_time) values (1, 9, 	'2021-12-15 17:26:15', '2021-12-15 19:26:15');
insert into group_schedule (classroom_id, grouplesson_id, start_time, end_time) values (3, 10, 	'2022-04-20 17:13:27', '2022-04-20 19:13:27');
insert into group_schedule (classroom_id, grouplesson_id, start_time, end_time) values (5, 11, 	'2022-04-01 00:23:06', '2022-04-01 02:23:06');
insert into group_schedule (classroom_id, grouplesson_id, start_time, end_time) values (7, 12, 	'2022-10-30 01:01:34', '2022-10-30 03:01:34');
insert into group_schedule (classroom_id, grouplesson_id, start_time, end_time) values (9, 13, 	'2022-06-22 18:14:38', '2022-06-22 20:14:38');
insert into group_schedule (classroom_id, grouplesson_id, start_time, end_time) values (11, 14, '2022-09-09 09:02:01', '2022-09-09 11:02:01');

insert into ensemble_schedule (classroom_id, ensemble_id, start_time, end_time) values (2, 1, '2022-03-10 14:19:05', '2022-03-10 16:19:05');
insert into ensemble_schedule (classroom_id, ensemble_id, start_time, end_time) values (4, 2, '2022-04-28 13:35:35', '2022-04-28 15:35:35');
insert into ensemble_schedule (classroom_id, ensemble_id, start_time, end_time) values (6, 3, '2022-02-10 01:39:22', '2022-02-10 03:39:22');
insert into ensemble_schedule (classroom_id, ensemble_id, start_time, end_time) values (8, 4, '2022-04-22 14:31:40', '2022-04-22 16:31:40');
insert into ensemble_schedule (classroom_id, ensemble_id, start_time, end_time) values (12, 6, '2022-07-14 08:33:57', '2022-07-14 10:33:57');

	insert into student_group_lesson (grouplesson_id, student_id) values (1, 1);
insert into student_group_lesson (grouplesson_id, student_id) values (1, 2);
insert into student_group_lesson (grouplesson_id, student_id) values (1, 3);
insert into student_group_lesson (grouplesson_id, student_id) values (1, 4);
insert into student_group_lesson (grouplesson_id, student_id) values (1, 5);
insert into student_group_lesson (grouplesson_id, student_id) values (1, 6);
insert into student_group_lesson (grouplesson_id, student_id) values (1, 7);
insert into student_group_lesson (grouplesson_id, student_id) values (1, 8);

insert into student_group_lesson (grouplesson_id, student_id) values (2, 1);
insert into student_group_lesson (grouplesson_id, student_id) values (2, 2);
insert into student_group_lesson (grouplesson_id, student_id) values (2, 3);
insert into student_group_lesson (grouplesson_id, student_id) values (2, 4);
insert into student_group_lesson (grouplesson_id, student_id) values (2, 5);
insert into student_group_lesson (grouplesson_id, student_id) values (2, 6);
insert into student_group_lesson (grouplesson_id, student_id) values (2, 7);
insert into student_group_lesson (grouplesson_id, student_id) values (2, 8);
insert into student_group_lesson (grouplesson_id, student_id) values (2, 9);
insert into student_group_lesson (grouplesson_id, student_id) values (2, 10);
insert into student_group_lesson (grouplesson_id, student_id) values (2, 11);
insert into student_group_lesson (grouplesson_id, student_id) values (2, 12);
insert into student_group_lesson (grouplesson_id, student_id) values (2, 13);
insert into student_group_lesson (grouplesson_id, student_id) values (2, 14);
insert into student_group_lesson (grouplesson_id, student_id) values (2, 15);

insert into student_group_lesson (grouplesson_id, student_id) values (3, 1);
insert into student_group_lesson (grouplesson_id, student_id) values (3, 2);
insert into student_group_lesson (grouplesson_id, student_id) values (3, 3);
insert into student_group_lesson (grouplesson_id, student_id) values (3, 4);
insert into student_group_lesson (grouplesson_id, student_id) values (3, 5);
insert into student_group_lesson (grouplesson_id, student_id) values (3, 6);
insert into student_group_lesson (grouplesson_id, student_id) values (3, 7);
insert into student_group_lesson (grouplesson_id, student_id) values (3, 8);
insert into student_group_lesson (grouplesson_id, student_id) values (3, 9);
insert into student_group_lesson (grouplesson_id, student_id) values (3, 10);
insert into student_group_lesson (grouplesson_id, student_id) values (3, 11);
insert into student_group_lesson (grouplesson_id, student_id) values (3, 12);
insert into student_group_lesson (grouplesson_id, student_id) values (3, 13);
insert into student_group_lesson (grouplesson_id, student_id) values (3, 14);
insert into student_group_lesson (grouplesson_id, student_id) values (3, 15);
insert into student_group_lesson (grouplesson_id, student_id) values (3, 16);
insert into student_group_lesson (grouplesson_id, student_id) values (3, 18);
insert into student_group_lesson (grouplesson_id, student_id) values (3, 19);
insert into student_group_lesson (grouplesson_id, student_id) values (3, 20);

insert into student_group_lesson (grouplesson_id, student_id) values (4, 1);
insert into student_group_lesson (grouplesson_id, student_id) values (4, 2);
insert into student_group_lesson (grouplesson_id, student_id) values (4, 3);
insert into student_group_lesson (grouplesson_id, student_id) values (4, 4);
insert into student_group_lesson (grouplesson_id, student_id) values (4, 5);
insert into student_group_lesson (grouplesson_id, student_id) values (4, 6);
insert into student_group_lesson (grouplesson_id, student_id) values (4, 7);
insert into student_group_lesson (grouplesson_id, student_id) values (4, 8);
insert into student_group_lesson (grouplesson_id, student_id) values (4, 9);
insert into student_group_lesson (grouplesson_id, student_id) values (4, 10);
insert into student_group_lesson (grouplesson_id, student_id) values (4, 11);
insert into student_group_lesson (grouplesson_id, student_id) values (4, 12);
insert into student_group_lesson (grouplesson_id, student_id) values (4, 13);
insert into student_group_lesson (grouplesson_id, student_id) values (4, 14);
insert into student_group_lesson (grouplesson_id, student_id) values (4, 15);
insert into student_group_lesson (grouplesson_id, student_id) values (4, 16);

insert into student_group_lesson (grouplesson_id, student_id) values (5, 7);
insert into student_group_lesson (grouplesson_id, student_id) values (5, 8);
insert into student_group_lesson (grouplesson_id, student_id) values (5, 9);
insert into student_group_lesson (grouplesson_id, student_id) values (5, 10);
insert into student_group_lesson (grouplesson_id, student_id) values (5, 11);
insert into student_group_lesson (grouplesson_id, student_id) values (5, 12);
insert into student_group_lesson (grouplesson_id, student_id) values (5, 13);

insert into student_group_lesson (grouplesson_id, student_id) values (6, 1);
insert into student_group_lesson (grouplesson_id, student_id) values (6, 3);
insert into student_group_lesson (grouplesson_id, student_id) values (6, 7);
insert into student_group_lesson (grouplesson_id, student_id) values (6, 12);
insert into student_group_lesson (grouplesson_id, student_id) values (6, 13);
insert into student_group_lesson (grouplesson_id, student_id) values (6, 20);

insert into student_group_lesson (grouplesson_id, student_id) values (7, 1);
insert into student_group_lesson (grouplesson_id, student_id) values (7, 2);
insert into student_group_lesson (grouplesson_id, student_id) values (7, 3);
insert into student_group_lesson (grouplesson_id, student_id) values (7, 4);
insert into student_group_lesson (grouplesson_id, student_id) values (7, 5);
insert into student_group_lesson (grouplesson_id, student_id) values (7, 6);
insert into student_group_lesson (grouplesson_id, student_id) values (7, 7);
insert into student_group_lesson (grouplesson_id, student_id) values (7, 8);
insert into student_group_lesson (grouplesson_id, student_id) values (7, 9);
insert into student_group_lesson (grouplesson_id, student_id) values (7, 10);
insert into student_group_lesson (grouplesson_id, student_id) values (7, 11);
insert into student_group_lesson (grouplesson_id, student_id) values (7, 12);
insert into student_group_lesson (grouplesson_id, student_id) values (7, 13);
insert into student_group_lesson (grouplesson_id, student_id) values (7, 14);

insert into student_group_lesson (grouplesson_id, student_id) values (8, 1);
insert into student_group_lesson (grouplesson_id, student_id) values (8, 2);
insert into student_group_lesson (grouplesson_id, student_id) values (8, 3);
insert into student_group_lesson (grouplesson_id, student_id) values (8, 4);
insert into student_group_lesson (grouplesson_id, student_id) values (8, 5);
insert into student_group_lesson (grouplesson_id, student_id) values (8, 6);
insert into student_group_lesson (grouplesson_id, student_id) values (8, 7);
insert into student_group_lesson (grouplesson_id, student_id) values (8, 8);

insert into student_group_lesson (grouplesson_id, student_id) values (9, 1);
insert into student_group_lesson (grouplesson_id, student_id) values (9, 2);
insert into student_group_lesson (grouplesson_id, student_id) values (9, 3);
insert into student_group_lesson (grouplesson_id, student_id) values (9, 4);
insert into student_group_lesson (grouplesson_id, student_id) values (9, 5);
insert into student_group_lesson (grouplesson_id, student_id) values (9, 6);
insert into student_group_lesson (grouplesson_id, student_id) values (9, 7);
insert into student_group_lesson (grouplesson_id, student_id) values (9, 8);
insert into student_group_lesson (grouplesson_id, student_id) values (9, 9);
insert into student_group_lesson (grouplesson_id, student_id) values (9, 10);
insert into student_group_lesson (grouplesson_id, student_id) values (9, 11);
insert into student_group_lesson (grouplesson_id, student_id) values (9, 12);
insert into student_group_lesson (grouplesson_id, student_id) values (9, 13);

insert into student_group_lesson (grouplesson_id, student_id) values (10, 1);
insert into student_group_lesson (grouplesson_id, student_id) values (10, 2);
insert into student_group_lesson (grouplesson_id, student_id) values (10, 3);
insert into student_group_lesson (grouplesson_id, student_id) values (10, 4);
insert into student_group_lesson (grouplesson_id, student_id) values (10, 5);
insert into student_group_lesson (grouplesson_id, student_id) values (10, 6);
insert into student_group_lesson (grouplesson_id, student_id) values (10, 7);

insert into student_group_lesson (grouplesson_id, student_id) values (11, 1);
insert into student_group_lesson (grouplesson_id, student_id) values (11, 2);
insert into student_group_lesson (grouplesson_id, student_id) values (11, 3);
insert into student_group_lesson (grouplesson_id, student_id) values (11, 4);
insert into student_group_lesson (grouplesson_id, student_id) values (11, 5);
insert into student_group_lesson (grouplesson_id, student_id) values (11, 6);
insert into student_group_lesson (grouplesson_id, student_id) values (11, 7);
insert into student_group_lesson (grouplesson_id, student_id) values (11, 8);
insert into student_group_lesson (grouplesson_id, student_id) values (11, 9);
insert into student_group_lesson (grouplesson_id, student_id) values (11, 10);
insert into student_group_lesson (grouplesson_id, student_id) values (11, 11);
insert into student_group_lesson (grouplesson_id, student_id) values (11, 12);
insert into student_group_lesson (grouplesson_id, student_id) values (11, 13);

insert into student_group_lesson (grouplesson_id, student_id) values (12, 1);
insert into student_group_lesson (grouplesson_id, student_id) values (12, 2);
insert into student_group_lesson (grouplesson_id, student_id) values (12, 3);
insert into student_group_lesson (grouplesson_id, student_id) values (12, 4);
insert into student_group_lesson (grouplesson_id, student_id) values (12, 5);
insert into student_group_lesson (grouplesson_id, student_id) values (12, 6);
insert into student_group_lesson (grouplesson_id, student_id) values (12, 7);
insert into student_group_lesson (grouplesson_id, student_id) values (12, 8);
insert into student_group_lesson (grouplesson_id, student_id) values (12, 9);
insert into student_group_lesson (grouplesson_id, student_id) values (12, 10);
insert into student_group_lesson (grouplesson_id, student_id) values (12, 11);
insert into student_group_lesson (grouplesson_id, student_id) values (12, 12);
insert into student_group_lesson (grouplesson_id, student_id) values (12, 13);
insert into student_group_lesson (grouplesson_id, student_id) values (12, 14);
insert into student_group_lesson (grouplesson_id, student_id) values (12, 15);
insert into student_group_lesson (grouplesson_id, student_id) values (12, 16);

insert into student_group_lesson (grouplesson_id, student_id) values (13, 1);
insert into student_group_lesson (grouplesson_id, student_id) values (13, 2);
insert into student_group_lesson (grouplesson_id, student_id) values (13, 3);
insert into student_group_lesson (grouplesson_id, student_id) values (13, 4);
insert into student_group_lesson (grouplesson_id, student_id) values (13, 5);
insert into student_group_lesson (grouplesson_id, student_id) values (13, 6);
insert into student_group_lesson (grouplesson_id, student_id) values (13, 7);
insert into student_group_lesson (grouplesson_id, student_id) values (13, 8);
insert into student_group_lesson (grouplesson_id, student_id) values (13, 9);
insert into student_group_lesson (grouplesson_id, student_id) values (13, 10);
insert into student_group_lesson (grouplesson_id, student_id) values (13, 11);
insert into student_group_lesson (grouplesson_id, student_id) values (13, 12);
insert into student_group_lesson (grouplesson_id, student_id) values (13, 13);
insert into student_group_lesson (grouplesson_id, student_id) values (13, 14);
insert into student_group_lesson (grouplesson_id, student_id) values (13, 15);
insert into student_group_lesson (grouplesson_id, student_id) values (13, 16);
insert into student_group_lesson (grouplesson_id, student_id) values (13, 17);

insert into student_group_lesson (grouplesson_id, student_id) values (14, 1);
insert into student_group_lesson (grouplesson_id, student_id) values (14, 2);
insert into student_group_lesson (grouplesson_id, student_id) values (14, 3);
insert into student_group_lesson (grouplesson_id, student_id) values (14, 4);
insert into student_group_lesson (grouplesson_id, student_id) values (14, 5);
insert into student_group_lesson (grouplesson_id, student_id) values (14, 6);
insert into student_group_lesson (grouplesson_id, student_id) values (14, 7);
insert into student_group_lesson (grouplesson_id, student_id) values (14, 8);
insert into student_group_lesson (grouplesson_id, student_id) values (14, 9);
insert into student_group_lesson (grouplesson_id, student_id) values (14, 10);
insert into student_group_lesson (grouplesson_id, student_id) values (14, 11);
insert into student_group_lesson (grouplesson_id, student_id) values (14, 12);
insert into student_group_lesson (grouplesson_id, student_id) values (14, 13);
insert into student_group_lesson (grouplesson_id, student_id) values (14, 14);
insert into student_group_lesson (grouplesson_id, student_id) values (14, 15);

insert into student_group_lesson (grouplesson_id, student_id) values (15, 1);
insert into student_group_lesson (grouplesson_id, student_id) values (15, 2);
insert into student_group_lesson (grouplesson_id, student_id) values (15, 3);
insert into student_group_lesson (grouplesson_id, student_id) values (15, 4);
insert into student_group_lesson (grouplesson_id, student_id) values (15, 5);
insert into student_group_lesson (grouplesson_id, student_id) values (15, 6);
insert into student_group_lesson (grouplesson_id, student_id) values (15, 7);
insert into student_group_lesson (grouplesson_id, student_id) values (15, 8);

insert into student_ensemble (ensemble_id, student_id) values (1, 1);
insert into student_ensemble (ensemble_id, student_id) values (1, 2);
insert into student_ensemble (ensemble_id, student_id) values (1, 3);
insert into student_ensemble (ensemble_id, student_id) values (1, 4);
insert into student_ensemble (ensemble_id, student_id) values (1, 5);
insert into student_ensemble (ensemble_id, student_id) values (1, 6);
insert into student_ensemble (ensemble_id, student_id) values (1, 7);
insert into student_ensemble (ensemble_id, student_id) values (1, 8);

insert into student_ensemble (ensemble_id, student_id) values (2, 2);
insert into student_ensemble (ensemble_id, student_id) values (2, 4);
insert into student_ensemble (ensemble_id, student_id) values (2, 6);
insert into student_ensemble (ensemble_id, student_id) values (2, 8);
insert into student_ensemble (ensemble_id, student_id) values (2, 10);
insert into student_ensemble (ensemble_id, student_id) values (2, 12);

insert into student_ensemble (ensemble_id, student_id) values (3, 1);
insert into student_ensemble (ensemble_id, student_id) values (3, 3);
insert into student_ensemble (ensemble_id, student_id) values (3, 5);
insert into student_ensemble (ensemble_id, student_id) values (3, 7);
insert into student_ensemble (ensemble_id, student_id) values (3, 9);

insert into student_ensemble (ensemble_id, student_id) values (4, 12);
insert into student_ensemble (ensemble_id, student_id) values (4, 2);
insert into student_ensemble (ensemble_id, student_id) values (4, 14);
insert into student_ensemble (ensemble_id, student_id) values (4, 15);
insert into student_ensemble (ensemble_id, student_id) values (4, 3);
insert into student_ensemble (ensemble_id, student_id) values (4, 5);
insert into student_ensemble (ensemble_id, student_id) values (4, 8);

insert into student_ensemble (ensemble_id, student_id) values (6, 13);
insert into student_ensemble (ensemble_id, student_id) values (6, 14);
insert into student_ensemble (ensemble_id, student_id) values (6, 15);
insert into student_ensemble (ensemble_id, student_id) values (6, 1);
insert into student_ensemble (ensemble_id, student_id) values (6, 6);

insert into classroom (classroom_name) values ('Ruò');
insert into classroom (classroom_name) values ('Yú');
insert into classroom (classroom_name) values ('Aurélie');
insert into classroom (classroom_name) values ('Hélèna');
insert into classroom (classroom_name) values ('Clémence');
insert into classroom (classroom_name) values ('Rachèle');
insert into classroom (classroom_name) values ('Mélia');
insert into classroom (classroom_name) values ('Görel');
insert into classroom (classroom_name) values ('Maëline');
insert into classroom (classroom_name) values ('Océanne');
insert into classroom (classroom_name) values ('Maëline');
insert into classroom (classroom_name) values ('Andréa');
insert into classroom (classroom_name) values ('Håkan');
insert into classroom (classroom_name) values ('Desirée');
insert into classroom (classroom_name) values ('Alizée');

insert into price_list (type, skill_level, price) values ('individual', 1, 100);
insert into price_list (type, skill_level, price) values ('individual', 2, 100);
insert into price_list (type, skill_level, price) values ('individual', 3, 200);
insert into price_list (type, skill_level, price) values ('group', 1, 90);
insert into price_list (type, skill_level, price) values ('group', 2, 90);
insert into price_list (type, skill_level, price) values ('group', 3, 160);
insert into price_list (type, skill_level, price) values ('ensemble', 0, 200);